track_id,class,max_speed_kmh,median_speed_kmh,frames_seen,violation
1,truck,52.5,50.0,48,1
2,car,50.7,48.2,58,1
3,car,49.1,46.7,59,0
4,car,47.9,45.8,59,0
5,car,50.1,47.8,57,1
6,car,49.0,46.1,60,0
7,car,58.2,55.6,49,1
8,car,44.5,42.9,64,0
9,car,41.2,37.6,72,0
10,bus,38.0,0.7,581,0
11,car,55.0,53.5,50,1
12,car,38.1,36.4,75,0
13,car,46.1,39.6,70,0
14,car,37.2,35.1,79,0
15,car,,,1,0
16,car,42.5,38.2,73,0
17,car,36.3,33.6,82,0
18,car,33.0,31.3,88,0
19,car,40.4,30.0,87,0
20,car,32.5,16.4,145,0
21,car,44.2,42.2,65,0
22,bus,27.5,2.7,368,0
23,car,45.4,44.4,62,0
24,car,35.3,33.3,83,0
25,car,49.5,47.0,59,0
26,car,38.0,32.2,88,0
27,car,25.6,23.0,119,0
28,car,46.6,44.1,62,0
29,bus,21.8,8.0,296,0
30,car,34.2,31.5,88,0
31,car,36.2,33.8,82,0
32,car,32.7,29.5,95,0
33,car,35.0,32.5,85,0
34,car,35.3,31.6,88,0
35,car,42.0,38.1,72,0
